Model,Lang,Smell,Mode,F1,AUC
RNN,CSharp,CM,Semantic,0.3133,0.6415
RNN,CSharp,CM,Semantic,0.3266,0.6238
RNN,CSharp,CM,Semantic,0.3318,0.6492
RNN,CSharp,CM,Semantic,0.3164,0.6477
RNN,CSharp,CM,Semantic,0.3119,0.6428
RNN,CSharp,CM,Structural,0.2862,0.6107
RNN,CSharp,CM,Structural,0.2971,0.608
RNN,CSharp,CM,Structural,0.2921,0.5822
RNN,CSharp,CM,Structural,0.2892,0.6055
RNN,CSharp,CM,Structural,0.2854,0.5986
RNN,CSharp,CM,Hybrid,0.263,0.6062
RNN,CSharp,CM,Hybrid,0.2757,0.6026
RNN,CSharp,CM,Hybrid,0.2599,0.6064
RNN,CSharp,CM,Hybrid,0.259,0.5903
RNN,CSharp,CM,Hybrid,0.2774,0.5795
RNN,CSharp,CM,NLP,0.4389,0.6711
RNN,CSharp,CM,NLP,0.4627,0.6638
RNN,CSharp,CM,NLP,0.4585,0.6565
RNN,CSharp,CM,NLP,0.4527,0.6658
RNN,CSharp,CM,NLP,0.4522,0.6778
RNN,CSharp,CC,Semantic,0.1657,0.6108
RNN,CSharp,CC,Semantic,0.1558,0.6233
RNN,CSharp,CC,Semantic,0.1642,0.6246
RNN,CSharp,CC,Semantic,0.1441,0.6127
RNN,CSharp,CC,Semantic,0.1452,0.6286
RNN,CSharp,CC,Structural,0.145,0.595
RNN,CSharp,CC,Structural,0.1324,0.5756
RNN,CSharp,CC,Structural,0.1483,0.5954
RNN,CSharp,CC,Structural,0.1416,0.6104
RNN,CSharp,CC,Structural,0.1527,0.5886
RNN,CSharp,CC,Hybrid,0.1307,0.6033
RNN,CSharp,CC,Hybrid,0.1313,0.606
RNN,CSharp,CC,Hybrid,0.1273,0.5784
RNN,CSharp,CC,Hybrid,0.1234,0.5824
RNN,CSharp,CC,Hybrid,0.1423,0.6099
RNN,CSharp,CC,NLP,0.2549,0.6364
RNN,CSharp,CC,NLP,0.2156,0.6822
RNN,CSharp,CC,NLP,0.2111,0.6449
RNN,CSharp,CC,NLP,0.1994,0.6403
RNN,CSharp,CC,NLP,0.209,0.6562
RNN,CSharp,FE,Semantic,0.0542,0.6955
RNN,CSharp,FE,Semantic,0.0517,0.6894
RNN,CSharp,FE,Semantic,0.0486,0.6853
RNN,CSharp,FE,Semantic,0.0486,0.6903
RNN,CSharp,FE,Semantic,0.0569,0.6795
RNN,CSharp,FE,Structural,0.0549,0.6665
RNN,CSharp,FE,Structural,0.0494,0.6826
RNN,CSharp,FE,Structural,0.0546,0.6769
RNN,CSharp,FE,Structural,0.0529,0.6746
RNN,CSharp,FE,Structural,0.0482,0.6544
RNN,CSharp,FE,Hybrid,0.0866,0.6224
RNN,CSharp,FE,Hybrid,0.0934,0.6311
RNN,CSharp,FE,Hybrid,0.0,0.6355
RNN,CSharp,FE,Hybrid,0.0,0.637
RNN,CSharp,FE,Hybrid,0.0,0.634
RNN,CSharp,FE,NLP,0.0696,0.7784
RNN,CSharp,FE,NLP,0.0744,0.7459
RNN,CSharp,FE,NLP,0.0611,0.7349
RNN,CSharp,FE,NLP,0.0709,0.7455
RNN,CSharp,FE,NLP,0.074,0.7553
RNN,CSharp,MA,Semantic,0.0,0.5
RNN,CSharp,MA,Semantic,0.0,0.5
RNN,CSharp,MA,Semantic,0.0,0.5
RNN,CSharp,MA,Semantic,0.0,0.5
RNN,CSharp,MA,Semantic,0.0,0.5
RNN,CSharp,MA,Structural,0.0,0.5
RNN,CSharp,MA,Structural,0.0,0.5
RNN,CSharp,MA,Structural,0.0,0.5
RNN,CSharp,MA,Structural,0.0,0.5
RNN,CSharp,MA,Structural,0.0,0.5
RNN,CSharp,MA,Hybrid,0.0,0.5
RNN,CSharp,MA,Hybrid,0.0,0.5
RNN,CSharp,MA,Hybrid,0.0,0.5
RNN,CSharp,MA,Hybrid,0.0,0.5
RNN,CSharp,MA,Hybrid,0.0,0.5
RNN,CSharp,MA,NLP,0.0,0.5
RNN,CSharp,MA,NLP,0.0,0.5
RNN,CSharp,MA,NLP,0.0,0.5
RNN,CSharp,MA,NLP,0.0,0.5
RNN,CSharp,MA,NLP,0.0,0.5
RNN,Java,CM,Semantic,0.3778,0.6255
RNN,Java,CM,Semantic,0.4014,0.6633
RNN,Java,CM,Semantic,0.3648,0.6335
RNN,Java,CM,Semantic,0.3938,0.64
RNN,Java,CM,Semantic,0.3922,0.6477
RNN,Java,CM,Structural,0.3799,0.6265
RNN,Java,CM,Structural,0.3536,0.622
RNN,Java,CM,Structural,0.365,0.5995
RNN,Java,CM,Structural,0.3657,0.6252
RNN,Java,CM,Structural,0.3558,0.6218
RNN,Java,CM,Hybrid,0.3294,0.6056
RNN,Java,CM,Hybrid,0.3302,0.6212
RNN,Java,CM,Hybrid,0.3385,0.6161
RNN,Java,CM,Hybrid,0.3222,0.5905
RNN,Java,CM,Hybrid,0.3247,0.6016
RNN,Java,CM,NLP,0.5663,0.7024
RNN,Java,CM,NLP,0.535,0.6972
RNN,Java,CM,NLP,0.5312,0.6828
RNN,Java,CM,NLP,0.5323,0.7095
RNN,Java,CM,NLP,0.5302,0.6981
RNN,Java,CC,Semantic,0.1872,0.5386
RNN,Java,CC,Semantic,0.193,0.5673
RNN,Java,CC,Semantic,0.2023,0.5636
RNN,Java,CC,Semantic,0.2034,0.5594
RNN,Java,CC,Semantic,0.2091,0.5561
RNN,Java,CC,Structural,0.195,0.5396
RNN,Java,CC,Structural,0.1751,0.534
RNN,Java,CC,Structural,0.176,0.5556
RNN,Java,CC,Structural,0.1729,0.5673
RNN,Java,CC,Structural,0.196,0.5585
RNN,Java,CC,Hybrid,0.1635,0.5
RNN,Java,CC,Hybrid,0.1781,0.6161
RNN,Java,CC,Hybrid,0.148,0.6139
RNN,Java,CC,Hybrid,0.163,0.5
RNN,Java,CC,Hybrid,0.1624,0.5
RNN,Java,CC,NLP,0.2843,0.5733
RNN,Java,CC,NLP,0.3006,0.5707
RNN,Java,CC,NLP,0.2523,0.5948
RNN,Java,CC,NLP,0.2762,0.5791
RNN,Java,CC,NLP,0.2766,0.5921
RNN,Java,FE,Semantic,0.0577,0.6447
RNN,Java,FE,Semantic,0.0558,0.6556
RNN,Java,FE,Semantic,0.0556,0.6663
RNN,Java,FE,Semantic,0.0566,0.6447
RNN,Java,FE,Semantic,0.0593,0.6487
RNN,Java,FE,Structural,0.0508,0.6206
RNN,Java,FE,Structural,0.0571,0.6323
RNN,Java,FE,Structural,0.0581,0.6177
RNN,Java,FE,Structural,0.0559,0.616
RNN,Java,FE,Structural,0.0581,0.6134
RNN,Java,FE,Hybrid,0.055,0.6131
RNN,Java,FE,Hybrid,0.0632,0.6439
RNN,Java,FE,Hybrid,0.0569,0.6271
RNN,Java,FE,Hybrid,0.0516,0.6221
RNN,Java,FE,Hybrid,0.0583,0.6288
RNN,Java,FE,NLP,0.0904,0.6967
RNN,Java,FE,NLP,0.0913,0.734
RNN,Java,FE,NLP,0.0717,0.7101
RNN,Java,FE,NLP,0.0846,0.7016
RNN,Java,FE,NLP,0.092,0.7076
RNN,Java,MA,Semantic,0.0,0.5
RNN,Java,MA,Semantic,0.0,0.5
RNN,Java,MA,Semantic,0.0,0.5
RNN,Java,MA,Semantic,0.0,0.5
RNN,Java,MA,Semantic,0.0,0.5
RNN,Java,MA,Structural,0.0,0.5
RNN,Java,MA,Structural,0.0,0.5
RNN,Java,MA,Structural,0.0,0.5
RNN,Java,MA,Structural,0.0,0.5
RNN,Java,MA,Structural,0.0,0.5
RNN,Java,MA,Hybrid,0.0,0.5
RNN,Java,MA,Hybrid,0.0,0.5
RNN,Java,MA,Hybrid,0.0,0.5
RNN,Java,MA,Hybrid,0.0,0.5
RNN,Java,MA,Hybrid,0.0,0.5
RNN,Java,MA,NLP,0.0,0.5
RNN,Java,MA,NLP,0.0,0.5
RNN,Java,MA,NLP,0.0,0.5
RNN,Java,MA,NLP,0.0,0.5
RNN,Java,MA,NLP,0.0,0.5
CodeBERT,CSharp,CM,Semantic,0.6229,0.8498
CodeBERT,CSharp,CM,Semantic,0.6092,0.8667
CodeBERT,CSharp,CM,Semantic,0.6033,0.8394
CodeBERT,CSharp,CM,Semantic,0.62,0.859
CodeBERT,CSharp,CM,Semantic,0.6096,0.8551
CodeBERT,CSharp,CM,Structural,0.5927,0.8914
CodeBERT,CSharp,CM,Structural,0.6175,0.8731
CodeBERT,CSharp,CM,Structural,0.6055,0.8824
CodeBERT,CSharp,CM,Structural,0.6011,0.8835
CodeBERT,CSharp,CM,Structural,0.6182,0.8796
CodeBERT,CSharp,CM,Hybrid,0.5579,0.817
CodeBERT,CSharp,CM,Hybrid,0.5638,0.8283
CodeBERT,CSharp,CM,Hybrid,0.562,0.8036
CodeBERT,CSharp,CM,Hybrid,0.5494,0.7957
CodeBERT,CSharp,CM,Hybrid,0.5719,0.8154
CodeBERT,CSharp,CM,NLP,0.6803,0.9339
CodeBERT,CSharp,CM,NLP,0.6786,0.9207
CodeBERT,CSharp,CM,NLP,0.6437,0.8886
CodeBERT,CSharp,CM,NLP,0.6646,0.9068
CodeBERT,CSharp,CM,NLP,0.6828,0.915
CodeBERT,CSharp,CC,Semantic,0.4124,0.8324
CodeBERT,CSharp,CC,Semantic,0.461,0.8367
CodeBERT,CSharp,CC,Semantic,0.4639,0.85
CodeBERT,CSharp,CC,Semantic,0.4711,0.8479
CodeBERT,CSharp,CC,Semantic,0.4566,0.843
CodeBERT,CSharp,CC,Structural,0.4449,0.8736
CodeBERT,CSharp,CC,Structural,0.483,0.8867
CodeBERT,CSharp,CC,Structural,0.4512,0.8822
CodeBERT,CSharp,CC,Structural,0.4481,0.8829
CodeBERT,CSharp,CC,Structural,0.4478,0.8896
CodeBERT,CSharp,CC,Hybrid,0.4196,0.8028
CodeBERT,CSharp,CC,Hybrid,0.4397,0.8109
CodeBERT,CSharp,CC,Hybrid,0.427,0.8445
CodeBERT,CSharp,CC,Hybrid,0.4192,0.8037
CodeBERT,CSharp,CC,Hybrid,0.4245,0.8081
CodeBERT,CSharp,CC,NLP,0.4997,0.9247
CodeBERT,CSharp,CC,NLP,0.485,0.9193
CodeBERT,CSharp,CC,NLP,0.4984,0.9096
CodeBERT,CSharp,CC,NLP,0.4878,0.908
CodeBERT,CSharp,CC,NLP,0.5091,0.9084
CodeBERT,CSharp,FE,Semantic,0.1186,0.8102
CodeBERT,CSharp,FE,Semantic,0.1179,0.8049
CodeBERT,CSharp,FE,Semantic,0.119,0.7974
CodeBERT,CSharp,FE,Semantic,0.1377,0.8
CodeBERT,CSharp,FE,Semantic,0.1218,0.8125
CodeBERT,CSharp,FE,Structural,0.1183,0.848
CodeBERT,CSharp,FE,Structural,0.1228,0.8501
CodeBERT,CSharp,FE,Structural,0.1263,0.8432
CodeBERT,CSharp,FE,Structural,0.1096,0.8535
CodeBERT,CSharp,FE,Structural,0.123,0.8252
CodeBERT,CSharp,FE,Hybrid,0.1065,0.7925
CodeBERT,CSharp,FE,Hybrid,0.1127,0.7618
CodeBERT,CSharp,FE,Hybrid,0.1039,0.7631
CodeBERT,CSharp,FE,Hybrid,0.0929,0.7581
CodeBERT,CSharp,FE,Hybrid,0.114,0.7645
CodeBERT,CSharp,FE,NLP,0.1503,0.8643
CodeBERT,CSharp,FE,NLP,0.1337,0.8599
CodeBERT,CSharp,FE,NLP,0.1396,0.8689
CodeBERT,CSharp,FE,NLP,0.1433,0.881
CodeBERT,CSharp,FE,NLP,0.1331,0.8559
CodeBERT,CSharp,MA,Semantic,0.0,0.8026
CodeBERT,CSharp,MA,Semantic,0.018,0.8025
CodeBERT,CSharp,MA,Semantic,0.0147,0.8062
CodeBERT,CSharp,MA,Semantic,0.0273,0.8062
CodeBERT,CSharp,MA,Semantic,0.0,0.8075
CodeBERT,CSharp,MA,Structural,0.0241,0.8476
CodeBERT,CSharp,MA,Structural,0.0198,0.8344
CodeBERT,CSharp,MA,Structural,0.0,0.8359
CodeBERT,CSharp,MA,Structural,0.0,0.8379
CodeBERT,CSharp,MA,Structural,0.0211,0.8492
CodeBERT,CSharp,MA,Hybrid,0.0,0.767
CodeBERT,CSharp,MA,Hybrid,0.0517,0.7811
CodeBERT,CSharp,MA,Hybrid,0.0,0.7815
CodeBERT,CSharp,MA,Hybrid,0.0,0.7755
CodeBERT,CSharp,MA,Hybrid,0.0483,0.7849
CodeBERT,CSharp,MA,NLP,0.0296,0.8591
CodeBERT,CSharp,MA,NLP,0.0,0.8524
CodeBERT,CSharp,MA,NLP,0.0322,0.8554
CodeBERT,CSharp,MA,NLP,0.0,0.8643
CodeBERT,CSharp,MA,NLP,0.0332,0.8538
CodeBERT,Java,CM,Semantic,0.7398,0.842
CodeBERT,Java,CM,Semantic,0.7391,0.8503
CodeBERT,Java,CM,Semantic,0.7367,0.8531
CodeBERT,Java,CM,Semantic,0.7153,0.8434
CodeBERT,Java,CM,Semantic,0.7441,0.8362
CodeBERT,Java,CM,Structural,0.7304,0.9194
CodeBERT,Java,CM,Structural,0.7161,0.8862
CodeBERT,Java,CM,Structural,0.7164,0.9002
CodeBERT,Java,CM,Structural,0.7127,0.9103
CodeBERT,Java,CM,Structural,0.7344,0.8939
CodeBERT,Java,CM,Hybrid,0.6832,0.8272
CodeBERT,Java,CM,Hybrid,0.687,0.8209
CodeBERT,Java,CM,Hybrid,0.6839,0.8233
CodeBERT,Java,CM,Hybrid,0.666,0.8019
CodeBERT,Java,CM,Hybrid,0.6799,0.8267
CodeBERT,Java,CM,NLP,0.818,0.9244
CodeBERT,Java,CM,NLP,0.8294,0.9343
CodeBERT,Java,CM,NLP,0.7957,0.9184
CodeBERT,Java,CM,NLP,0.8082,0.9237
CodeBERT,Java,CM,NLP,0.8087,0.9292
CodeBERT,Java,CC,Semantic,0.6973,0.8655
CodeBERT,Java,CC,Semantic,0.715,0.8528
CodeBERT,Java,CC,Semantic,0.6917,0.8479
CodeBERT,Java,CC,Semantic,0.7114,0.8477
CodeBERT,Java,CC,Semantic,0.7046,0.8461
CodeBERT,Java,CC,Structural,0.7074,0.8985
CodeBERT,Java,CC,Structural,0.7093,0.897
CodeBERT,Java,CC,Structural,0.6953,0.9076
CodeBERT,Java,CC,Structural,0.7105,0.8796
CodeBERT,Java,CC,Structural,0.7225,0.9073
CodeBERT,Java,CC,Hybrid,0.6729,0.8157
CodeBERT,Java,CC,Hybrid,0.6479,0.8162
CodeBERT,Java,CC,Hybrid,0.6551,0.8276
CodeBERT,Java,CC,Hybrid,0.6651,0.816
CodeBERT,Java,CC,Hybrid,0.664,0.8195
CodeBERT,Java,CC,NLP,0.7753,0.9222
CodeBERT,Java,CC,NLP,0.79,0.9095
CodeBERT,Java,CC,NLP,0.7919,0.9224
CodeBERT,Java,CC,NLP,0.7703,0.93
CodeBERT,Java,CC,NLP,0.7725,0.9009
CodeBERT,Java,FE,Semantic,0.2206,0.806
CodeBERT,Java,FE,Semantic,0.2225,0.7999
CodeBERT,Java,FE,Semantic,0.2259,0.7937
CodeBERT,Java,FE,Semantic,0.2355,0.8079
CodeBERT,Java,FE,Semantic,0.2205,0.8025
CodeBERT,Java,FE,Structural,0.2107,0.8425
CodeBERT,Java,FE,Structural,0.2115,0.847
CodeBERT,Java,FE,Structural,0.2185,0.8375
CodeBERT,Java,FE,Structural,0.2205,0.8552
CodeBERT,Java,FE,Structural,0.2288,0.8278
CodeBERT,Java,FE,Hybrid,0.2063,0.7731
CodeBERT,Java,FE,Hybrid,0.1962,0.778
CodeBERT,Java,FE,Hybrid,0.195,0.7865
CodeBERT,Java,FE,Hybrid,0.2037,0.7998
CodeBERT,Java,FE,Hybrid,0.2188,0.7826
CodeBERT,Java,FE,NLP,0.259,0.8629
CodeBERT,Java,FE,NLP,0.2434,0.8746
CodeBERT,Java,FE,NLP,0.2324,0.8784
CodeBERT,Java,FE,NLP,0.2425,0.8652
CodeBERT,Java,FE,NLP,0.2427,0.8639
CodeBERT,Java,MA,Semantic,0.0909,0.8112
CodeBERT,Java,MA,Semantic,0.0615,0.8207
CodeBERT,Java,MA,Semantic,0.0676,0.8125
CodeBERT,Java,MA,Semantic,0.0,0.7887
CodeBERT,Java,MA,Semantic,0.0,0.8119
CodeBERT,Java,MA,Structural,0.0,0.8499
CodeBERT,Java,MA,Structural,0.0736,0.8554
CodeBERT,Java,MA,Structural,0.0,0.8489
CodeBERT,Java,MA,Structural,0.0635,0.842
CodeBERT,Java,MA,Structural,0.0679,0.8388
CodeBERT,Java,MA,Hybrid,0.0,0.7825
CodeBERT,Java,MA,Hybrid,0.0,0.8027
CodeBERT,Java,MA,Hybrid,0.0569,0.7785
CodeBERT,Java,MA,Hybrid,0.0598,0.7872
CodeBERT,Java,MA,Hybrid,0.0683,0.7841
CodeBERT,Java,MA,NLP,0.0,0.8615
CodeBERT,Java,MA,NLP,0.0732,0.8828
CodeBERT,Java,MA,NLP,0.0767,0.8856
CodeBERT,Java,MA,NLP,0.0801,0.8743
CodeBERT,Java,MA,NLP,0.0,0.8758
AE,CSharp,CM,Semantic,0.1924,0.722
AE,CSharp,CM,Semantic,0.1852,0.7214
AE,CSharp,CM,Semantic,0.1843,0.7122
AE,CSharp,CM,Semantic,0.2007,0.7087
AE,CSharp,CM,Semantic,0.1924,0.7257
AE,CSharp,CM,Structural,0.2103,0.7258
AE,CSharp,CM,Structural,0.2109,0.7039
AE,CSharp,CM,Structural,0.2249,0.735
AE,CSharp,CM,Structural,0.2129,0.7303
AE,CSharp,CM,Structural,0.231,0.735
AE,CSharp,CM,Hybrid,0.1861,0.6947
AE,CSharp,CM,Hybrid,0.181,0.6861
AE,CSharp,CM,Hybrid,0.1823,0.6683
AE,CSharp,CM,Hybrid,0.1864,0.7028
AE,CSharp,CM,Hybrid,0.1792,0.6931
AE,CSharp,CM,NLP,0.2555,0.7708
AE,CSharp,CM,NLP,0.2845,0.7595
AE,CSharp,CM,NLP,0.2732,0.7799
AE,CSharp,CM,NLP,0.2645,0.732
AE,CSharp,CM,NLP,0.2673,0.7628
AE,CSharp,CC,Semantic,0.0633,0.6494
AE,CSharp,CC,Semantic,0.0655,0.6391
AE,CSharp,CC,Semantic,0.0577,0.639
AE,CSharp,CC,Semantic,0.0642,0.6545
AE,CSharp,CC,Semantic,0.0543,0.668
AE,CSharp,CC,Structural,0.0746,0.6602
AE,CSharp,CC,Structural,0.0853,0.6668
AE,CSharp,CC,Structural,0.0778,0.6759
AE,CSharp,CC,Structural,0.0751,0.6545
AE,CSharp,CC,Structural,0.0772,0.6526
AE,CSharp,CC,Hybrid,0.0581,0.6818
AE,CSharp,CC,Hybrid,0.0555,0.6319
AE,CSharp,CC,Hybrid,0.0576,0.6374
AE,CSharp,CC,Hybrid,0.0548,0.6429
AE,CSharp,CC,Hybrid,0.064,0.631
AE,CSharp,CC,NLP,0.0925,0.6839
AE,CSharp,CC,NLP,0.08,0.6934
AE,CSharp,CC,NLP,0.0854,0.6723
AE,CSharp,CC,NLP,0.0885,0.6831
AE,CSharp,CC,NLP,0.0886,0.6873
AE,CSharp,FE,Semantic,0.0,0.7038
AE,CSharp,FE,Semantic,0.0285,0.702
AE,CSharp,FE,Semantic,0.0,0.6945
AE,CSharp,FE,Semantic,0.0465,0.697
AE,CSharp,FE,Semantic,0.0,0.7327
AE,CSharp,FE,Structural,0.0292,0.7261
AE,CSharp,FE,Structural,0.0143,0.6949
AE,CSharp,FE,Structural,0.0,0.729
AE,CSharp,FE,Structural,0.0248,0.7144
AE,CSharp,FE,Structural,0.0217,0.7306
AE,CSharp,FE,Hybrid,0.0,0.6964
AE,CSharp,FE,Hybrid,0.0141,0.6987
AE,CSharp,FE,Hybrid,0.0108,0.695
AE,CSharp,FE,Hybrid,0.0178,0.6986
AE,CSharp,FE,Hybrid,0.0073,0.6763
AE,CSharp,FE,NLP,0.0,0.7623
AE,CSharp,FE,NLP,0.0503,0.7667
AE,CSharp,FE,NLP,0.0,0.7592
AE,CSharp,FE,NLP,0.0547,0.748
AE,CSharp,FE,NLP,0.0,0.7638
AE,CSharp,MA,Semantic,0.0042,0.7596
AE,CSharp,MA,Semantic,0.0108,0.7488
AE,CSharp,MA,Semantic,0.0,0.7462
AE,CSharp,MA,Semantic,0.0,0.7559
AE,CSharp,MA,Semantic,0.0,0.7445
AE,CSharp,MA,Structural,0.0025,0.7822
AE,CSharp,MA,Structural,0.0,0.7508
AE,CSharp,MA,Structural,0.0,0.7522
AE,CSharp,MA,Structural,0.0,0.771
AE,CSharp,MA,Structural,0.0025,0.7638
AE,CSharp,MA,Hybrid,0.0,0.7172
AE,CSharp,MA,Hybrid,0.0155,0.7208
AE,CSharp,MA,Hybrid,0.0104,0.732
AE,CSharp,MA,Hybrid,0.0032,0.7222
AE,CSharp,MA,Hybrid,0.0009,0.7178
AE,CSharp,MA,NLP,0.0126,0.8171
AE,CSharp,MA,NLP,0.0148,0.7934
AE,CSharp,MA,NLP,0.0127,0.7895
AE,CSharp,MA,NLP,0.0099,0.8046
AE,CSharp,MA,NLP,0.0,0.7904
AE,Java,CM,Semantic,0.3682,0.6547
AE,Java,CM,Semantic,0.3586,0.6755
AE,Java,CM,Semantic,0.3694,0.6696
AE,Java,CM,Semantic,0.3553,0.6848
AE,Java,CM,Semantic,0.3585,0.6854
AE,Java,CM,Structural,0.3997,0.7117
AE,Java,CM,Structural,0.3977,0.7055
AE,Java,CM,Structural,0.402,0.7046
AE,Java,CM,Structural,0.3971,0.7189
AE,Java,CM,Structural,0.3985,0.6893
AE,Java,CM,Hybrid,0.329,0.6546
AE,Java,CM,Hybrid,0.3452,0.6668
AE,Java,CM,Hybrid,0.3433,0.6666
AE,Java,CM,Hybrid,0.3393,0.6458
AE,Java,CM,Hybrid,0.3282,0.6362
AE,Java,CM,NLP,0.4922,0.7269
AE,Java,CM,NLP,0.485,0.703
AE,Java,CM,NLP,0.4894,0.7165
AE,Java,CM,NLP,0.495,0.7061
AE,Java,CM,NLP,0.4934,0.7225
AE,Java,CC,Semantic,0.1713,0.6171
AE,Java,CC,Semantic,0.1803,0.6245
AE,Java,CC,Semantic,0.1777,0.6202
AE,Java,CC,Semantic,0.1835,0.6176
AE,Java,CC,Semantic,0.1922,0.6156
AE,Java,CC,Structural,0.2009,0.651
AE,Java,CC,Structural,0.2103,0.6089
AE,Java,CC,Structural,0.2063,0.6464
AE,Java,CC,Structural,0.202,0.6533
AE,Java,CC,Structural,0.2155,0.6454
AE,Java,CC,Hybrid,0.1735,0.6101
AE,Java,CC,Hybrid,0.1797,0.5925
AE,Java,CC,Hybrid,0.1687,0.6079
AE,Java,CC,Hybrid,0.1861,0.5957
AE,Java,CC,Hybrid,0.197,0.6038
AE,Java,CC,NLP,0.272,0.6403
AE,Java,CC,NLP,0.2559,0.6366
AE,Java,CC,NLP,0.2704,0.6467
AE,Java,CC,NLP,0.2716,0.6602
AE,Java,CC,NLP,0.2701,0.6412
AE,Java,FE,Semantic,0.0269,0.6974
AE,Java,FE,Semantic,0.0321,0.6853
AE,Java,FE,Semantic,0.0,0.6591
AE,Java,FE,Semantic,0.025,0.6943
AE,Java,FE,Semantic,0.021,0.6789
AE,Java,FE,Structural,0.0746,0.7004
AE,Java,FE,Structural,0.0,0.6991
AE,Java,FE,Structural,0.0,0.6981
AE,Java,FE,Structural,0.0804,0.7052
AE,Java,FE,Structural,0.0,0.7022
AE,Java,FE,Hybrid,0.0372,0.6596
AE,Java,FE,Hybrid,0.0,0.6859
AE,Java,FE,Hybrid,0.0502,0.6611
AE,Java,FE,Hybrid,0.0,0.6672
AE,Java,FE,Hybrid,0.0326,0.6762
AE,Java,FE,NLP,0.0765,0.7504
AE,Java,FE,NLP,0.0544,0.7368
AE,Java,FE,NLP,0.0591,0.7314
AE,Java,FE,NLP,0.0,0.7496
AE,Java,FE,NLP,0.0,0.7118
AE,Java,MA,Semantic,0.0,0.698
AE,Java,MA,Semantic,0.0,0.6935
AE,Java,MA,Semantic,0.0247,0.6931
AE,Java,MA,Semantic,0.0,0.7008
AE,Java,MA,Semantic,0.0103,0.6896
AE,Java,MA,Structural,0.0262,0.6971
AE,Java,MA,Structural,0.0,0.7254
AE,Java,MA,Structural,0.0,0.6828
AE,Java,MA,Structural,0.0288,0.6863
AE,Java,MA,Structural,0.0,0.6934
AE,Java,MA,Hybrid,0.0237,0.6673
AE,Java,MA,Hybrid,0.0183,0.6779
AE,Java,MA,Hybrid,0.0,0.6723
AE,Java,MA,Hybrid,0.0,0.6814
AE,Java,MA,Hybrid,0.013,0.6711
AE,Java,MA,NLP,0.0108,0.7254
AE,Java,MA,NLP,0.0,0.7319
AE,Java,MA,NLP,0.0209,0.7231
AE,Java,MA,NLP,0.0197,0.741
AE,Java,MA,NLP,0.0136,0.7286
Qwen,CSharp,CM,Semantic,0.0102,0.312
Qwen,CSharp,CM,Semantic,0.0217,0.312
Qwen,CSharp,CM,Semantic,0.0204,0.312
Qwen,CSharp,CM,Semantic,0.0127,0.312
Qwen,CSharp,CM,Semantic,0.0,0.312
Qwen,CSharp,CM,Structural,0.0174,0.29
Qwen,CSharp,CM,Structural,0.0174,0.29
Qwen,CSharp,CM,Structural,0.0182,0.29
Qwen,CSharp,CM,Structural,0.017,0.29
Qwen,CSharp,CM,Structural,0.0,0.29
Qwen,CSharp,CM,Hybrid,0.0,0.291
Qwen,CSharp,CM,Hybrid,0.0234,0.291
Qwen,CSharp,CM,Hybrid,0.0,0.291
Qwen,CSharp,CM,Hybrid,0.0,0.291
Qwen,CSharp,CM,Hybrid,0.0366,0.291
Qwen,CSharp,CM,NLP,0.0621,0.264
Qwen,CSharp,CM,NLP,0.0,0.264
Qwen,CSharp,CM,NLP,0.0,0.264
Qwen,CSharp,CM,NLP,0.0529,0.264
Qwen,CSharp,CM,NLP,0.0,0.264
Qwen,CSharp,CC,Semantic,0.1443,0.317
Qwen,CSharp,CC,Semantic,0.1348,0.317
Qwen,CSharp,CC,Semantic,0.1534,0.317
Qwen,CSharp,CC,Semantic,0.1392,0.317
Qwen,CSharp,CC,Semantic,0.1533,0.317
Qwen,CSharp,CC,Structural,0.1564,0.327
Qwen,CSharp,CC,Structural,0.1322,0.327
Qwen,CSharp,CC,Structural,0.1544,0.327
Qwen,CSharp,CC,Structural,0.1559,0.327
Qwen,CSharp,CC,Structural,0.1511,0.327
Qwen,CSharp,CC,Hybrid,0.1353,0.324
Qwen,CSharp,CC,Hybrid,0.1416,0.324
Qwen,CSharp,CC,Hybrid,0.1415,0.324
Qwen,CSharp,CC,Hybrid,0.137,0.324
Qwen,CSharp,CC,Hybrid,0.1396,0.324
Qwen,CSharp,CC,NLP,0.195,0.313
Qwen,CSharp,CC,NLP,0.2198,0.313
Qwen,CSharp,CC,NLP,0.2062,0.313
Qwen,CSharp,CC,NLP,0.2026,0.313
Qwen,CSharp,CC,NLP,0.1964,0.313
Qwen,CSharp,FE,Semantic,0.0,0.5
Qwen,CSharp,FE,Semantic,0.0,0.5
Qwen,CSharp,FE,Semantic,0.0,0.5
Qwen,CSharp,FE,Semantic,0.0,0.5
Qwen,CSharp,FE,Semantic,0.0,0.5
Qwen,CSharp,FE,Structural,0.0,0.5
Qwen,CSharp,FE,Structural,0.0,0.5
Qwen,CSharp,FE,Structural,0.0,0.5
Qwen,CSharp,FE,Structural,0.0,0.5
Qwen,CSharp,FE,Structural,0.0,0.5
Qwen,CSharp,FE,Hybrid,0.0,0.5
Qwen,CSharp,FE,Hybrid,0.0,0.5
Qwen,CSharp,FE,Hybrid,0.0,0.5
Qwen,CSharp,FE,Hybrid,0.0,0.5
Qwen,CSharp,FE,Hybrid,0.0,0.5
Qwen,CSharp,FE,NLP,0.0,0.5
Qwen,CSharp,FE,NLP,0.0,0.5
Qwen,CSharp,FE,NLP,0.0,0.5
Qwen,CSharp,FE,NLP,0.0,0.5
Qwen,CSharp,FE,NLP,0.0,0.5
Qwen,CSharp,MA,Semantic,0.0,0.479
Qwen,CSharp,MA,Semantic,0.0,0.479
Qwen,CSharp,MA,Semantic,0.0,0.479
Qwen,CSharp,MA,Semantic,0.0,0.479
Qwen,CSharp,MA,Semantic,0.0,0.479
Qwen,CSharp,MA,Structural,0.0,0.475
Qwen,CSharp,MA,Structural,0.0,0.475
Qwen,CSharp,MA,Structural,0.0,0.475
Qwen,CSharp,MA,Structural,0.0,0.475
Qwen,CSharp,MA,Structural,0.0,0.475
Qwen,CSharp,MA,Hybrid,0.0,0.495
Qwen,CSharp,MA,Hybrid,0.0,0.495
Qwen,CSharp,MA,Hybrid,0.0,0.495
Qwen,CSharp,MA,Hybrid,0.0,0.495
Qwen,CSharp,MA,Hybrid,0.0,0.495
Qwen,CSharp,MA,NLP,0.0,0.469
Qwen,CSharp,MA,NLP,0.0,0.469
Qwen,CSharp,MA,NLP,0.0,0.469
Qwen,CSharp,MA,NLP,0.0,0.469
Qwen,CSharp,MA,NLP,0.0,0.469
Qwen,Java,CM,Semantic,0.0,0.296
Qwen,Java,CM,Semantic,0.0,0.296
Qwen,Java,CM,Semantic,0.0585,0.296
Qwen,Java,CM,Semantic,0.0615,0.296
Qwen,Java,CM,Semantic,0.0,0.296
Qwen,Java,CM,Structural,0.0,0.309
Qwen,Java,CM,Structural,0.0368,0.309
Qwen,Java,CM,Structural,0.0332,0.309
Qwen,Java,CM,Structural,0.0,0.309
Qwen,Java,CM,Structural,0.0,0.309
Qwen,Java,CM,Hybrid,0.034,0.299
Qwen,Java,CM,Hybrid,0.0252,0.299
Qwen,Java,CM,Hybrid,0.0,0.299
Qwen,Java,CM,Hybrid,0.0251,0.299
Qwen,Java,CM,Hybrid,0.0307,0.299
Qwen,Java,CM,NLP,0.0422,0.257
Qwen,Java,CM,NLP,0.0,0.257
Qwen,Java,CM,NLP,0.0362,0.257
Qwen,Java,CM,NLP,0.0466,0.257
Qwen,Java,CM,NLP,0.0,0.257
Qwen,Java,CC,Semantic,0.066,0.38
Qwen,Java,CC,Semantic,0.0663,0.38
Qwen,Java,CC,Semantic,0.0672,0.38
Qwen,Java,CC,Semantic,0.0677,0.38
Qwen,Java,CC,Semantic,0.0728,0.38
Qwen,Java,CC,Structural,0.0595,0.378
Qwen,Java,CC,Structural,0.0709,0.378
Qwen,Java,CC,Structural,0.0708,0.378
Qwen,Java,CC,Structural,0.0641,0.378
Qwen,Java,CC,Structural,0.0647,0.378
Qwen,Java,CC,Hybrid,0.0681,0.376
Qwen,Java,CC,Hybrid,0.0709,0.376
Qwen,Java,CC,Hybrid,0.0694,0.376
Qwen,Java,CC,Hybrid,0.0542,0.376
Qwen,Java,CC,Hybrid,0.0674,0.376
Qwen,Java,CC,NLP,0.0886,0.364
Qwen,Java,CC,NLP,0.0907,0.364
Qwen,Java,CC,NLP,0.0988,0.364
Qwen,Java,CC,NLP,0.085,0.364
Qwen,Java,CC,NLP,0.0969,0.364
Qwen,Java,FE,Semantic,0.0,0.486
Qwen,Java,FE,Semantic,0.0,0.486
Qwen,Java,FE,Semantic,0.0,0.486
Qwen,Java,FE,Semantic,0.0,0.486
Qwen,Java,FE,Semantic,0.0,0.486
Qwen,Java,FE,Structural,0.0,0.488
Qwen,Java,FE,Structural,0.0,0.488
Qwen,Java,FE,Structural,0.0,0.488
Qwen,Java,FE,Structural,0.0,0.488
Qwen,Java,FE,Structural,0.0,0.488
Qwen,Java,FE,Hybrid,0.0,0.488
Qwen,Java,FE,Hybrid,0.0,0.488
Qwen,Java,FE,Hybrid,0.0,0.488
Qwen,Java,FE,Hybrid,0.0,0.488
Qwen,Java,FE,Hybrid,0.0,0.488
Qwen,Java,FE,NLP,0.0,0.499
Qwen,Java,FE,NLP,0.0,0.499
Qwen,Java,FE,NLP,0.0,0.499
Qwen,Java,FE,NLP,0.0,0.499
Qwen,Java,FE,NLP,0.0,0.499
Qwen,Java,MA,Semantic,0.0,0.5
Qwen,Java,MA,Semantic,0.0,0.5
Qwen,Java,MA,Semantic,0.0,0.5
Qwen,Java,MA,Semantic,0.0,0.5
Qwen,Java,MA,Semantic,0.0,0.5
Qwen,Java,MA,Structural,0.0,0.5
Qwen,Java,MA,Structural,0.0,0.5
Qwen,Java,MA,Structural,0.0,0.5
Qwen,Java,MA,Structural,0.0,0.5
Qwen,Java,MA,Structural,0.0,0.5
Qwen,Java,MA,Hybrid,0.0,0.5
Qwen,Java,MA,Hybrid,0.0,0.5
Qwen,Java,MA,Hybrid,0.0,0.5
Qwen,Java,MA,Hybrid,0.0,0.5
Qwen,Java,MA,Hybrid,0.0,0.5
Qwen,Java,MA,NLP,0.0,0.5
Qwen,Java,MA,NLP,0.0,0.5
Qwen,Java,MA,NLP,0.0,0.5
Qwen,Java,MA,NLP,0.0,0.5
Qwen,Java,MA,NLP,0.0,0.5
